-- 開発用シードデータ
-- make reset-supabase で適用される

-- テストユーザーを auth.users に作成（トリガーで profiles も自動作成される）
-- パスワードは全員 "password123"
INSERT INTO auth.users (id, instance_id, aud, role, email, encrypted_password, email_confirmed_at, raw_user_meta_data, created_at, updated_at, confirmation_token, recovery_token, email_change, email_change_token_new, email_change_token_current, email_change_confirm_status, phone_change, phone_change_token)
VALUES
  ('11111111-1111-1111-1111-111111111111', '00000000-0000-0000-0000-000000000000', 'authenticated', 'authenticated', 'taro@example.com', crypt('password123', gen_salt('bf')), now(), '{"username": "taro_game", "country": "日本"}'::jsonb, now(), now(), '', '', '', '', '', 0, '', ''),
  ('22222222-2222-2222-2222-222222222222', '00000000-0000-0000-0000-000000000000', 'authenticated', 'authenticated', 'hanako@example.com', crypt('password123', gen_salt('bf')), now(), '{"username": "hanako_art", "country": "日本"}'::jsonb, now(), now(), '', '', '', '', '', 0, '', ''),
  ('33333333-3333-3333-3333-333333333333', '00000000-0000-0000-0000-000000000000', 'authenticated', 'authenticated', 'kenji@example.com', crypt('password123', gen_salt('bf')), now(), '{"username": "kenji_music", "country": "日本"}'::jsonb, now(), now(), '', '', '', '', '', 0, '', ''),
  ('44444444-4444-4444-4444-444444444444', '00000000-0000-0000-0000-000000000000', 'authenticated', 'authenticated', 'yuki@example.com', crypt('password123', gen_salt('bf')), now(), '{"username": "yuki_puzzle", "country": "日本"}'::jsonb, now(), now(), '', '', '', '', '', 0, '', '');

-- auth.identities（メール認証に必要）
INSERT INTO auth.identities (id, user_id, provider_id, identity_data, provider, last_sign_in_at, created_at, updated_at)
VALUES
  ('11111111-1111-1111-1111-111111111111', '11111111-1111-1111-1111-111111111111', '11111111-1111-1111-1111-111111111111', '{"sub": "11111111-1111-1111-1111-111111111111", "email": "taro@example.com"}'::jsonb, 'email', now(), now(), now()),
  ('22222222-2222-2222-2222-222222222222', '22222222-2222-2222-2222-222222222222', '22222222-2222-2222-2222-222222222222', '{"sub": "22222222-2222-2222-2222-222222222222", "email": "hanako@example.com"}'::jsonb, 'email', now(), now(), now()),
  ('33333333-3333-3333-3333-333333333333', '33333333-3333-3333-3333-333333333333', '33333333-3333-3333-3333-333333333333', '{"sub": "33333333-3333-3333-3333-333333333333", "email": "kenji@example.com"}'::jsonb, 'email', now(), now(), now()),
  ('44444444-4444-4444-4444-444444444444', '44444444-4444-4444-4444-444444444444', '44444444-4444-4444-4444-444444444444', '{"sub": "44444444-4444-4444-4444-444444444444", "email": "yuki@example.com"}'::jsonb, 'email', now(), now(), now());

-- profiles の追加情報を更新（トリガーでは username, display_name, country のみ設定される）
UPDATE public.profiles SET
  display_name = 'ゲーム太郎',
  bio = 'ゲーム作りが大好きな高校生です。アクションゲームをたくさん作っています！',
  working_on = '新しいプラットフォーマーゲームを開発中'
WHERE id = '11111111-1111-1111-1111-111111111111';

UPDATE public.profiles SET
  display_name = 'アート花子',
  bio = 'アニメーションとインタラクティブアートを作っています。',
  working_on = 'インタラクティブな星空アート'
WHERE id = '22222222-2222-2222-2222-222222222222';

UPDATE public.profiles SET
  display_name = '音楽ケンジ',
  bio = '音楽ゲームとサウンドビジュアライザーを作るのが趣味です。',
  working_on = 'リズムゲームエンジン'
WHERE id = '33333333-3333-3333-3333-333333333333';

UPDATE public.profiles SET
  display_name = 'パズルゆき',
  bio = 'パズルゲームのデザインが好きです。',
  working_on = '新しいスライドパズル'
WHERE id = '44444444-4444-4444-4444-444444444444';

-- プロジェクト（固定ID付き）
-- ID: 1=スターウォーズ・コマンド, 2=星空ペイント, 3=ほのぼの牧場物語, 4=ブロックパラダイス,
--     5=サバイバルクラフト, 6=迷路メーカー, 7=音楽スタジオ, 8=タイピングヒーロー,
--     9=ネオンレーサー, 10=フラクタルアート, 11=リズムバトル, 12=テスト作品
INSERT INTO public.projects (id, title, description, instructions, thumbnail_url, author_id, loves, views, remixes, tags, featured, shared, created_at)
OVERRIDING SYSTEM VALUE
VALUES
  (1,  'スターウォーズ・コマンド', '銀河の司令官として艦隊を率い、宇宙の覇権を争え', '矢印キーで艦隊移動、スペースキーで攻撃。資源を集めて艦隊を強化しよう！', '/images/generated-1774335284546.png', '11111111-1111-1111-1111-111111111111', 980, 6200, 12, ARRAY['ゲーム', 'ストラテジー', '宇宙'], true, true, '2026-01-15'),
  (2,  '星空ペイント', '夜空をキャンバスに、星と光で描くインタラクティブアート。', 'マウスをドラッグして描いてみよう。色は自動で変わります。', '/images/generated-1774335360264.png', '22222222-2222-2222-2222-222222222222', 567, 3200, 8, ARRAY['アート', 'インタラクティブ', 'ジェネラティブ'], true, true, '2026-02-01'),
  (3,  'ほのぼの牧場物語', '自分だけの牧場を作り、動物たちと穏やかな日々を過ごそう', 'WASDで移動。Eキーでアクション。動物たちの世話をしよう！', '/images/generated-1774335304687.png', '33333333-3333-3333-3333-333333333333', 3450, 22100, 5, ARRAY['ゲーム', 'アドベンチャー', 'シミュレーション'], true, true, '2026-02-10'),
  (4,  'ブロックパラダイス', 'カラフルなブロックを組み合わせてステージをクリアしよう', 'マウスでブロックをドラッグ。同じ色を3つ揃えて消そう！', '/images/generated-1774335252148.png', '44444444-4444-4444-4444-444444444444', 1240, 8500, 23, ARRAY['ゲーム', 'パズル', 'クラシック'], true, true, '2026-01-20'),
  (5,  'サバイバルクラフト', '資源を集めて拠点を作り、夜の脅威から生き延びろ！', 'WASDで移動。Eキーで採取。右クリックでクラフトメニュー。', '/images/generated-1774336923022.png', '22222222-2222-2222-2222-222222222222', 678, 4500, 3, ARRAY['ゲーム', 'サバイバル', 'クラフト'], false, true, '2026-02-20'),
  (6,  '迷路メーカー', 'ランダムに迷路を生成して遊べるゲーム。毎回違う迷路に挑戦！', '矢印キーで移動。ゴールの星を目指そう！Rキーで新しい迷路を生成。', '/images/generated-1774337089992.png', '11111111-1111-1111-1111-111111111111', 189, 980, 7, ARRAY['ゲーム', 'パズル', 'ランダム生成'], false, true, '2026-03-01'),
  (7,  '音楽スタジオ', 'キーボードで演奏できる本格音楽アプリ。録音・再生・ミックス機能付き。', 'A〜Lキーが白鍵、W〜Pキーが黒鍵に対応。Rで録音開始/停止。', '/images/generated-1774335527835.png', '33333333-3333-3333-3333-333333333333', 291, 1670, 2, ARRAY['音楽', 'シミュレーション', '楽器'], false, true, '2026-03-05'),
  (8,  'タイピングヒーロー', '制限時間内にどれだけタイプできるか挑戦！ランキング機能付き。', '表示される文字を正確にタイプしよう。ミスするとタイムロス！', '/images/generated-1774336921344.png', '44444444-4444-4444-4444-444444444444', 423, 2100, 11, ARRAY['ゲーム', 'タイピング', 'チャレンジ'], false, true, '2026-02-15'),
  (9,  'ネオンレーサー', 'ネオンに彩られた近未来の街を駆け抜けるレースゲーム。', '矢印キーで操作。Shiftキーでブースト。障害物を避けてゴールを目指せ！', '/images/generated-1774335511201.png', '11111111-1111-1111-1111-111111111111', 342, 1890, 9, ARRAY['ゲーム', 'レース', 'ネオン'], false, true, '2026-03-10'),
  (10, 'フラクタルアート', 'マンデルブロ集合をリアルタイムで描画。ズームして美しい世界を探検。', 'クリックでズームイン。右クリックでズームアウト。ドラッグで移動。', '/images/generated-1774336838443.png', '22222222-2222-2222-2222-222222222222', 156, 870, 1, ARRAY['アート', '数学', 'フラクタル'], false, true, '2026-03-15'),
  (11, 'リズムバトル', '音楽に合わせてバトル！タイミングよくコマンドを入力して勝利をつかめ。', '上下左右キーでコマンド入力。ビートに合わせてアクション！', '/images/generated-1774336940551.png', '33333333-3333-3333-3333-333333333333', 234, 1450, 4, ARRAY['ゲーム', '音楽', 'リズム'], false, true, '2026-03-18'),
  (12, 'テスト作品', 'テスト用の作品です。', '', '', '11111111-1111-1111-1111-111111111111', 0, 0, 0, ARRAY[]::text[], false, false, '2026-03-22');

-- シーケンスを調整（次の自動採番が13から始まるように）
SELECT setval(pg_get_serial_sequence('public.projects', 'id'), 12);

-- ID 11 のコメントを追加（リズムバトル）
INSERT INTO public.comments (id, project_id, author_id, content, created_at) VALUES
  ('c000000b-0000-0000-0000-000000000001', 11, '11111111-1111-1111-1111-111111111111', 'リズムに合わせて戦うの斬新！ハマりすぎてやばい。', '2026-03-20'),
  ('c000000b-0000-0000-0000-000000000002', 11, '22222222-2222-2222-2222-222222222222', '曲のバリエーションが増えたらもっと楽しくなりそう！', '2026-03-22');

-- スタジオ
INSERT INTO public.studios (id, title, description, thumbnail_url, created_by, follower_count, created_at)
VALUES
  ('aaaaaaaa-aaaa-aaaa-aaaa-aaaaaaaaaaaa', 'アクションゲーム集', 'みんなのアクションゲームを集めたスタジオ。面白いゲームを追加してね！', '', '11111111-1111-1111-1111-111111111111', 45, '2026-01-10'),
  ('bbbbbbbb-bbbb-bbbb-bbbb-bbbbbbbbbbbb', 'デジタルアート作品展', 'インタラクティブアートやジェネラティブアートのコレクション。', '', '22222222-2222-2222-2222-222222222222', 78, '2026-02-05'),
  ('cccccccc-cccc-cccc-cccc-cccccccccccc', '音楽で遊ぼう', '音楽に関連するプロジェクトを集めました。', '', '33333333-3333-3333-3333-333333333333', 32, '2026-02-20');

-- スタジオキュレーター
INSERT INTO public.studio_curators (studio_id, user_id)
VALUES
  ('aaaaaaaa-aaaa-aaaa-aaaa-aaaaaaaaaaaa', '11111111-1111-1111-1111-111111111111'),
  ('aaaaaaaa-aaaa-aaaa-aaaa-aaaaaaaaaaaa', '44444444-4444-4444-4444-444444444444'),
  ('bbbbbbbb-bbbb-bbbb-bbbb-bbbbbbbbbbbb', '22222222-2222-2222-2222-222222222222'),
  ('cccccccc-cccc-cccc-cccc-cccccccccccc', '33333333-3333-3333-3333-333333333333'),
  ('cccccccc-cccc-cccc-cccc-cccccccccccc', '22222222-2222-2222-2222-222222222222');

-- スタジオプロジェクト（固定ID使用）
INSERT INTO public.studio_projects (studio_id, project_id)
VALUES
  ('aaaaaaaa-aaaa-aaaa-aaaa-aaaaaaaaaaaa', 1),
  ('aaaaaaaa-aaaa-aaaa-aaaa-aaaaaaaaaaaa', 4),
  ('aaaaaaaa-aaaa-aaaa-aaaa-aaaaaaaaaaaa', 6),
  ('aaaaaaaa-aaaa-aaaa-aaaa-aaaaaaaaaaaa', 9),
  ('bbbbbbbb-bbbb-bbbb-bbbb-bbbbbbbbbbbb', 2),
  ('bbbbbbbb-bbbb-bbbb-bbbb-bbbbbbbbbbbb', 5),
  ('bbbbbbbb-bbbb-bbbb-bbbb-bbbbbbbbbbbb', 10),
  ('cccccccc-cccc-cccc-cccc-cccccccccccc', 3),
  ('cccccccc-cccc-cccc-cccc-cccccccccccc', 7);

-- =============================================
-- コメント（固定ID + 複数プロジェクトに展開）
-- =============================================

-- スターウォーズ・コマンド (ID: 1) のコメント
INSERT INTO public.comments (id, project_id, author_id, content, created_at) VALUES
  ('c0000001-0000-0000-0000-000000000001', 1, '22222222-2222-2222-2222-222222222222', 'すごく面白いゲームですね！ステージ3が特に好きです。', '2026-03-01'),
  ('c0000001-0000-0000-0000-000000000002', 1, '33333333-3333-3333-3333-333333333333', 'BGMがかっこいい！どうやって作ったんですか？', '2026-03-02'),
  ('c0000001-0000-0000-0000-000000000003', 1, '44444444-4444-4444-4444-444444444444', '操作が直感的で遊びやすいです。リミックスさせてもらいました！', '2026-03-03'),
  ('c0000001-0000-0000-0000-000000000004', 1, '11111111-1111-1111-1111-111111111111', 'ありがとう！次はボス戦を追加する予定です。', '2026-03-04');

-- スターウォーズ・コマンドへの返信
INSERT INTO public.comments (id, project_id, author_id, content, parent_id, created_at) VALUES
  ('c0000001-0000-0000-0000-000000000005', 1, '11111111-1111-1111-1111-111111111111', 'ステージ3のボスパターンは苦労しました！嬉しいです', 'c0000001-0000-0000-0000-000000000001', '2026-03-01 12:00:00'),
  ('c0000001-0000-0000-0000-000000000006', 1, '11111111-1111-1111-1111-111111111111', 'フリー音源サイトで見つけた曲をアレンジしました！', 'c0000001-0000-0000-0000-000000000002', '2026-03-02 18:00:00');

-- 星空ペイント (ID: 2) のコメント
INSERT INTO public.comments (id, project_id, author_id, content, created_at) VALUES
  ('c0000002-0000-0000-0000-000000000001', 2, '11111111-1111-1111-1111-111111111111', 'すごく綺麗！ネオンの光り方がリアルですね。', '2026-02-15'),
  ('c0000002-0000-0000-0000-000000000002', 2, '44444444-4444-4444-4444-444444444444', 'マウスの動きに合わせて色が変わるのが楽しい！', '2026-02-20'),
  ('c0000002-0000-0000-0000-000000000003', 2, '33333333-3333-3333-3333-333333333333', 'これを音楽ビジュアライザーと組み合わせたら最高かも。', '2026-03-01');

-- 星空ペイントへの返信
INSERT INTO public.comments (id, project_id, author_id, content, parent_id, created_at) VALUES
  ('c0000002-0000-0000-0000-000000000004', 2, '22222222-2222-2222-2222-222222222222', 'ありがとうございます！Canvas の glow エフェクトで実装してます。', 'c0000002-0000-0000-0000-000000000001', '2026-02-16'),
  ('c0000002-0000-0000-0000-000000000005', 2, '22222222-2222-2222-2222-222222222222', 'いいアイデア！コラボしませんか？', 'c0000002-0000-0000-0000-000000000003', '2026-03-02');

-- ほのぼの牧場物語 (ID: 3) のコメント
INSERT INTO public.comments (id, project_id, author_id, content, created_at) VALUES
  ('c0000003-0000-0000-0000-000000000001', 3, '11111111-1111-1111-1111-111111111111', 'テンポが絶妙で中毒性あります！ハイスコア更新しまくりw', '2026-02-20'),
  ('c0000003-0000-0000-0000-000000000002', 3, '22222222-2222-2222-2222-222222222222', '曲のセレクションが素晴らしい。新曲追加予定ありますか？', '2026-03-05'),
  ('c0000003-0000-0000-0000-000000000003', 3, '44444444-4444-4444-4444-444444444444', 'スライドのタイミングがシビアすぎて難しいw でも楽しい！', '2026-03-10');

-- ブロックパラダイス (ID: 4) のコメント
INSERT INTO public.comments (id, project_id, author_id, content, created_at) VALUES
  ('c0000004-0000-0000-0000-000000000001', 4, '11111111-1111-1111-1111-111111111111', 'レーザーアイテムが強すぎて最高ですw', '2026-02-01'),
  ('c0000004-0000-0000-0000-000000000002', 4, '22222222-2222-2222-2222-222222222222', 'ステージのデザインが凝っていて飽きないですね。', '2026-02-10'),
  ('c0000004-0000-0000-0000-000000000003', 4, '33333333-3333-3333-3333-333333333333', '効果音がいい感じ！ブロック壊す時の音が気持ちいい。', '2026-02-15'),
  ('c0000004-0000-0000-0000-000000000004', 4, '11111111-1111-1111-1111-111111111111', 'リミックスして2人プレイモード作ってもいいですか？', '2026-03-01');

-- ブロックパラダイスへの返信
INSERT INTO public.comments (id, project_id, author_id, content, parent_id, created_at) VALUES
  ('c0000004-0000-0000-0000-000000000005', 4, '44444444-4444-4444-4444-444444444444', 'もちろん！リミックス大歓迎です🎮', 'c0000004-0000-0000-0000-000000000004', '2026-03-01 15:00:00');

-- タイピングヒーロー (ID: 8) のコメント
INSERT INTO public.comments (id, project_id, author_id, content, created_at) VALUES
  ('c0000008-0000-0000-0000-000000000001', 8, '11111111-1111-1111-1111-111111111111', '難易度「鬼」がほしい！上級でも物足りなくなってきた。', '2026-03-01'),
  ('c0000008-0000-0000-0000-000000000002', 8, '22222222-2222-2222-2222-222222222222', 'ヒント機能がめちゃくちゃ助かります。初心者にも優しい設計。', '2026-03-05'),
  ('c0000008-0000-0000-0000-000000000003', 8, '33333333-3333-3333-3333-333333333333', 'UIがシンプルで見やすい。入力ミスの警告もナイス。', '2026-03-10');

-- タイピングヒーローへの返信
INSERT INTO public.comments (id, project_id, author_id, content, parent_id, created_at) VALUES
  ('c0000008-0000-0000-0000-000000000004', 8, '44444444-4444-4444-4444-444444444444', '「鬼」難易度、検討してみます！アルゴリズムの調整が必要そう。', 'c0000008-0000-0000-0000-000000000001', '2026-03-02');

-- ネオンレーサー (ID: 9) のコメント
INSERT INTO public.comments (id, project_id, author_id, content, created_at) VALUES
  ('c0000009-0000-0000-0000-000000000001', 9, '22222222-2222-2222-2222-222222222222', '友達と競い合って楽しんでます！ランキング機能がいい。', '2026-03-15'),
  ('c0000009-0000-0000-0000-000000000002', 9, '33333333-3333-3333-3333-333333333333', '日本語入力モードもほしいな〜', '2026-03-18'),
  ('c0000009-0000-0000-0000-000000000003', 9, '44444444-4444-4444-4444-444444444444', '1分間で120文字打てるようになった！ありがとう！', '2026-03-20');

-- ネオンレーサーへの返信
INSERT INTO public.comments (id, project_id, author_id, content, parent_id, created_at) VALUES
  ('c0000009-0000-0000-0000-000000000004', 9, '11111111-1111-1111-1111-111111111111', '日本語モード、次のアップデートで追加予定です！', 'c0000009-0000-0000-0000-000000000002', '2026-03-19');

-- フラクタルアート (ID: 10) のコメント
INSERT INTO public.comments (id, project_id, author_id, content, created_at) VALUES
  ('c000000a-0000-0000-0000-000000000001', 10, '44444444-4444-4444-4444-444444444444', '無限にズームできるの不思議...数学ってすごい。', '2026-03-18'),
  ('c000000a-0000-0000-0000-000000000002', 10, '11111111-1111-1111-1111-111111111111', 'カラーパレット変えられるのがいいですね。お気に入りの組み合わせ見つけた！', '2026-03-20');

-- comment_count を手動で更新（トリガーはINSERT時に発火するが念のため）
UPDATE public.projects SET comment_count = 6 WHERE id = 1;
UPDATE public.projects SET comment_count = 5 WHERE id = 2;
UPDATE public.projects SET comment_count = 3 WHERE id = 3;
UPDATE public.projects SET comment_count = 5 WHERE id = 4;
UPDATE public.projects SET comment_count = 4 WHERE id = 8;
UPDATE public.projects SET comment_count = 4 WHERE id = 9;
UPDATE public.projects SET comment_count = 2 WHERE id = 10;
UPDATE public.projects SET comment_count = 2 WHERE id = 11;
